{"cameraMode":{"drawMode":0,"name":"Shaded","section":"Shading Mode"},"sceneLighting":true,"audioPlay":false,"sceneViewState":{"showFog":true,"showMaterialUpdate":false,"showSkybox":true,"showFlares":true,"showImageEffects":true,"showParticleSystems":true},"in2DMode":false,"pivot":{"x":46.93991470336914,"y":-5.4422607421875,"z":25.149084091186525},"rotation":{"x":0.0542614609003067,"y":0.5066256523132324,"z":-0.029649728909134866,"w":0.8605228066444397},"size":24.4595890045166,"orthographic":false}