{"cameraMode":{"drawMode":0,"name":"Shaded","section":"Shading Mode"},"sceneLighting":true,"audioPlay":false,"sceneViewState":{"showFog":true,"showMaterialUpdate":false,"showSkybox":true,"showFlares":true,"showImageEffects":true,"showParticleSystems":true},"in2DMode":false,"pivot":{"x":-6.57563591003418,"y":-0.08124542236328125,"z":-3.0331621170043947},"rotation":{"x":0.05309554189443588,"y":-0.6852748990058899,"z":0.051198769360780719,"w":0.7247720956802368},"size":4.500185966491699,"orthographic":false}