{"cameraMode":{"drawMode":0,"name":"Shaded","section":"Shading Mode"},"sceneLighting":false,"audioPlay":false,"sceneViewState":{"showFog":true,"showMaterialUpdate":false,"showSkybox":false,"showFlares":true,"showImageEffects":true,"showParticleSystems":true},"in2DMode":false,"pivot":{"x":0.9059534668922424,"y":-1.088282585144043,"z":-5.208862781524658},"rotation":{"x":-0.025546669960021974,"y":-0.9651995897293091,"z":0.10318465530872345,"w":-0.23896700143814088},"size":3.033720016479492,"orthographic":false}