{"cameraMode":{"drawMode":0,"name":"Shaded","section":"Shading Mode"},"sceneLighting":true,"audioPlay":false,"sceneViewState":{"showFog":true,"showMaterialUpdate":false,"showSkybox":true,"showFlares":true,"showImageEffects":true,"showParticleSystems":true},"in2DMode":false,"pivot":{"x":-3.2342562675476076,"y":2.16900634765625,"z":-1.1480381488800049},"rotation":{"x":0.06767109036445618,"y":0.34611833095550539,"z":-0.0253341943025589,"w":0.935556948184967},"size":0.263822078704834,"orthographic":false}