{"cameraMode":{"drawMode":0,"name":"Shaded","section":"Shading Mode"},"sceneLighting":true,"audioPlay":false,"sceneViewState":{"showFog":true,"showMaterialUpdate":false,"showSkybox":true,"showFlares":true,"showImageEffects":true,"showParticleSystems":true},"in2DMode":false,"pivot":{"x":-1.5085500478744507,"y":-3.342968225479126,"z":-8.19615364074707},"rotation":{"x":-0.0017737854504957796,"y":-0.9814200401306152,"z":0.1941533237695694,"w":-0.0061394586227834229},"size":4.521320343017578,"orthographic":false}