{"cameraMode":{"drawMode":0,"name":"Shaded","section":"Shading Mode"},"sceneLighting":true,"audioPlay":false,"sceneViewState":{"showFog":true,"showMaterialUpdate":false,"showSkybox":true,"showFlares":true,"showImageEffects":true,"showParticleSystems":true},"in2DMode":false,"pivot":{"x":-16.40178680419922,"y":-2.7188720703125,"z":8.595961570739746},"rotation":{"x":-0.08418554067611695,"y":0.5023319721221924,"z":-0.04953281581401825,"w":-0.8593789339065552},"size":8.870838165283204,"orthographic":false}