{"cameraMode":{"drawMode":0,"name":"Shaded","section":"Shading Mode"},"sceneLighting":true,"audioPlay":false,"sceneViewState":{"showFog":true,"showMaterialUpdate":false,"showSkybox":true,"showFlares":true,"showImageEffects":true,"showParticleSystems":true},"in2DMode":false,"pivot":{"x":0.6510838270187378,"y":-0.19255830347537995,"z":-1.9048211574554444},"rotation":{"x":0.08506671339273453,"y":-0.2134811282157898,"z":0.01930316723883152,"w":0.973396897315979},"size":0.000017320508050033823,"orthographic":false}