{"cameraMode":{"drawMode":0,"name":"Shaded","section":"Shading Mode"},"sceneLighting":true,"audioPlay":false,"sceneViewState":{"showFog":true,"showMaterialUpdate":false,"showSkybox":true,"showFlares":true,"showImageEffects":true,"showParticleSystems":true},"in2DMode":false,"pivot":{"x":14.113019943237305,"y":-4.004601001739502,"z":-30.2647647857666},"rotation":{"x":-0.019335661083459855,"y":-0.9687814116477966,"z":0.07889703661203385,"w":-0.23484179377555848},"size":15.273855209350586,"orthographic":false}