{"cameraMode":{"drawMode":0,"name":"Shaded","section":"Shading Mode"},"sceneLighting":false,"audioPlay":false,"sceneViewState":{"showFog":true,"showMaterialUpdate":false,"showSkybox":false,"showFlares":true,"showImageEffects":true,"showParticleSystems":true},"in2DMode":false,"pivot":{"x":-1.4019536972045899,"y":0.43017247319221499,"z":3.1302640438079836},"rotation":{"x":0.02697967179119587,"y":-0.03507335111498833,"z":-0.0009487335337325931,"w":-0.999024510383606},"size":1.9976856708526612,"orthographic":false}