{"cameraMode":{"drawMode":0,"name":"Shaded","section":"Shading Mode"},"sceneLighting":false,"audioPlay":false,"sceneViewState":{"showFog":true,"showMaterialUpdate":false,"showSkybox":false,"showFlares":true,"showImageEffects":true,"showParticleSystems":true},"in2DMode":false,"pivot":{"x":-0.4601694643497467,"y":0.6015702486038208,"z":0.21302615106105805},"rotation":{"x":-0.15569135546684266,"y":0.5312040448188782,"z":-0.10043441504240036,"w":-0.8269987106323242},"size":0.11089891195297241,"orthographic":false}