{"cameraMode":{"drawMode":0,"name":"Shaded","section":"Shading Mode"},"sceneLighting":false,"audioPlay":false,"sceneViewState":{"showFog":true,"showMaterialUpdate":false,"showSkybox":false,"showFlares":true,"showImageEffects":true,"showParticleSystems":true},"in2DMode":false,"pivot":{"x":-2.843992233276367,"y":-12.30366039276123,"z":-14.142997741699219},"rotation":{"x":-0.033619314432144168,"y":0.9345947504043579,"z":-0.3425602912902832,"w":-0.09218934178352356},"size":13.022601127624512,"orthographic":false}