{"cameraMode":{"drawMode":0,"name":"Shaded","section":"Shading Mode"},"sceneLighting":true,"audioPlay":false,"sceneViewState":{"showFog":true,"showMaterialUpdate":false,"showSkybox":true,"showFlares":true,"showImageEffects":true,"showParticleSystems":true},"in2DMode":false,"pivot":{"x":0.9788768291473389,"y":-2.0973777770996095,"z":5.987335681915283},"rotation":{"x":0.18234288692474366,"y":0.0007117757922969759,"z":-0.000012270547813386656,"w":0.9835650324821472},"size":5.3936381340026859,"orthographic":false}