{"cameraMode":{"drawMode":0,"name":"Shaded","section":"Shading Mode"},"sceneLighting":true,"audioPlay":false,"sceneViewState":{"showFog":true,"showMaterialUpdate":false,"showSkybox":true,"showFlares":true,"showImageEffects":true,"showParticleSystems":true},"in2DMode":false,"pivot":{"x":-74.60675811767578,"y":-81.34097290039063,"z":170.56492614746095},"rotation":{"x":0.2014375925064087,"y":-0.19892896711826325,"z":0.042575299739837649,"w":0.9584420323371887},"size":103.5746841430664,"orthographic":false}