{"cameraMode":{"drawMode":0,"name":"Shaded","section":"Shading Mode"},"sceneLighting":true,"audioPlay":false,"sceneViewState":{"showFog":true,"showMaterialUpdate":false,"showSkybox":true,"showFlares":true,"showImageEffects":true,"showParticleSystems":true},"in2DMode":false,"pivot":{"x":0.40576303005218508,"y":0.0038630529306828977,"z":5.899794101715088},"rotation":{"x":0.14496445655822755,"y":0.15402118861675263,"z":-0.023134229704737665,"w":0.9772440195083618},"size":0.263822078704834,"orthographic":false}