{"cameraMode":{"drawMode":0,"name":"Shaded","section":"Shading Mode"},"sceneLighting":false,"audioPlay":false,"sceneViewState":{"showFog":true,"showMaterialUpdate":false,"showSkybox":false,"showFlares":true,"showImageEffects":true,"showParticleSystems":true},"in2DMode":false,"pivot":{"x":0.41183653473854067,"y":0.18998156487941743,"z":-0.334634006023407},"rotation":{"x":0.007488005328923464,"y":-0.9551325440406799,"z":-0.025627514347434045,"w":-0.2960061728954315},"size":0.5186055898666382,"orthographic":false}