{"cameraMode":{"drawMode":0,"name":"Shaded","section":"Shading Mode"},"sceneLighting":false,"audioPlay":false,"sceneViewState":{"showFog":true,"showMaterialUpdate":false,"showSkybox":false,"showFlares":true,"showImageEffects":true,"showParticleSystems":true},"in2DMode":false,"pivot":{"x":-1.0196267366409302,"y":-0.31866684556007388,"z":-0.10505621880292893},"rotation":{"x":0.09099127352237702,"y":-0.7295573949813843,"z":0.09964312613010407,"w":0.6709209084510803},"size":0.7435446381568909,"orthographic":false}