{"cameraMode":{"drawMode":0,"name":"Shaded","section":"Shading Mode"},"sceneLighting":false,"audioPlay":false,"sceneViewState":{"showFog":true,"showMaterialUpdate":false,"showSkybox":false,"showFlares":true,"showImageEffects":true,"showParticleSystems":true},"in2DMode":false,"pivot":{"x":0.00007002288475632668,"y":-0.006375342607498169,"z":0.002822417765855789},"rotation":{"x":0.12550729513168336,"y":-0.4644336402416229,"z":0.06720402091741562,"w":0.874430775642395},"size":0.7435446381568909,"orthographic":false}