{"cameraMode":{"drawMode":0,"name":"Shaded","section":"Shading Mode"},"sceneLighting":false,"audioPlay":false,"sceneViewState":{"showFog":true,"showMaterialUpdate":false,"showSkybox":false,"showFlares":true,"showImageEffects":true,"showParticleSystems":true},"in2DMode":false,"pivot":{"x":-0.45539987087249758,"y":0.5917470455169678,"z":0.21352767944335938},"rotation":{"x":-0.17616379261016847,"y":0.5236919522285461,"z":-0.11210549622774124,"w":-0.8261825442314148},"size":0.11089891195297241,"orthographic":false}