{"cameraMode":{"drawMode":0,"name":"Shaded","section":"Shading Mode"},"sceneLighting":false,"audioPlay":false,"sceneViewState":{"showFog":true,"showMaterialUpdate":false,"showSkybox":false,"showFlares":true,"showImageEffects":true,"showParticleSystems":true},"in2DMode":false,"pivot":{"x":-1.0843708515167237,"y":0.7998000383377075,"z":0.2552863359451294},"rotation":{"x":0.023705990985035898,"y":0.43967223167419436,"z":-0.010284564457833767,"w":0.8980950713157654},"size":0.7681536674499512,"orthographic":false}