{"cameraMode":{"drawMode":0,"name":"Shaded","section":"Shading Mode"},"sceneLighting":false,"audioPlay":false,"sceneViewState":{"showFog":true,"showMaterialUpdate":false,"showSkybox":false,"showFlares":true,"showImageEffects":true,"showParticleSystems":true},"in2DMode":false,"pivot":{"x":1.8020741939544678,"y":-1.2392107248306275,"z":0.3008270859718323},"rotation":{"x":-0.14452502131462098,"y":-0.6054980158805847,"z":0.11299766600131989,"w":-0.7744145393371582},"size":1.9976856708526612,"orthographic":false}