{"cameraMode":{"drawMode":0,"name":"Shaded","section":"Shading Mode"},"sceneLighting":false,"audioPlay":false,"sceneViewState":{"showFog":true,"showMaterialUpdate":false,"showSkybox":false,"showFlares":true,"showImageEffects":true,"showParticleSystems":true},"in2DMode":false,"pivot":{"x":2.824758291244507,"y":-2.2239468097686769,"z":0.46908697485923769},"rotation":{"x":-0.1800660938024521,"y":-0.6290231347084045,"z":0.1529349386692047,"w":-0.7406288385391235},"size":3.033720016479492,"orthographic":false}