{"cameraMode":{"drawMode":0,"name":"Shaded","section":"Shading Mode"},"sceneLighting":false,"audioPlay":false,"sceneViewState":{"showFog":true,"showMaterialUpdate":false,"showSkybox":false,"showFlares":true,"showImageEffects":true,"showParticleSystems":true},"in2DMode":false,"pivot":{"x":-1.1744781732559205,"y":0.6911803483963013,"z":0.9073761105537415},"rotation":{"x":0.022593490779399873,"y":0.19745519757270814,"z":-0.003367167431861162,"w":0.9803292155265808},"size":0.7681536674499512,"orthographic":false}