{"cameraMode":{"drawMode":2,"name":"Shaded Wireframe","section":"Shading Mode"},"sceneLighting":true,"audioPlay":false,"sceneViewState":{"showFog":true,"showMaterialUpdate":false,"showSkybox":true,"showFlares":true,"showImageEffects":true,"showParticleSystems":true},"in2DMode":false,"pivot":{"x":-4.189431190490723,"y":1.4857854843139649,"z":3.921302556991577},"rotation":{"x":0.10703539103269577,"y":0.37383753061294558,"z":-0.04356756433844566,"w":0.9203616380691528},"size":4.556835651397705,"orthographic":false}