{"cameraMode":{"drawMode":2,"name":"Shaded Wireframe","section":"Shading Mode"},"sceneLighting":true,"audioPlay":false,"sceneViewState":{"showFog":true,"showMaterialUpdate":false,"showSkybox":true,"showFlares":true,"showImageEffects":true,"showParticleSystems":true},"in2DMode":false,"pivot":{"x":6.926193714141846,"y":-0.8185426592826843,"z":2.693511724472046},"rotation":{"x":0.10704241693019867,"y":0.6238622069358826,"z":-0.08691104501485825,"w":0.76938796043396},"size":4.983067512512207,"orthographic":false}