{"cameraMode":{"drawMode":0,"name":"Shaded","section":"Shading Mode"},"sceneLighting":false,"audioPlay":false,"sceneViewState":{"showFog":true,"showMaterialUpdate":false,"showSkybox":false,"showFlares":true,"showImageEffects":true,"showParticleSystems":true},"in2DMode":false,"pivot":{"x":-1.4368829727172852,"y":0.985029935836792,"z":-1.4014161825180054},"rotation":{"x":-0.11757257580757141,"y":-0.38944944739341738,"z":0.04932551831007004,"w":-0.9124930500984192},"size":0.3000173270702362,"orthographic":false}