{"cameraMode":{"drawMode":0,"name":"Shaded","section":"Shading Mode"},"sceneLighting":true,"audioPlay":false,"sceneViewState":{"showFog":true,"showMaterialUpdate":false,"showSkybox":true,"showFlares":true,"showImageEffects":true,"showParticleSystems":true},"in2DMode":false,"pivot":{"x":-51.55971145629883,"y":-16.16010093688965,"z":11.67125129699707},"rotation":{"x":-0.12178903073072434,"y":0.6098132133483887,"z":-0.09710846096277237,"w":-0.7777778506278992},"size":28.991674423217775,"orthographic":false}