{"cameraMode":{"drawMode":0,"name":"Shaded","section":"Shading Mode"},"sceneLighting":false,"audioPlay":false,"sceneViewState":{"showFog":true,"showMaterialUpdate":false,"showSkybox":false,"showFlares":true,"showImageEffects":true,"showParticleSystems":true},"in2DMode":false,"pivot":{"x":-0.30275729298591616,"y":1.7697179317474366,"z":-0.28368228673934939},"rotation":{"x":0.1138165071606636,"y":0.4451168179512024,"z":-0.05741966515779495,"w":0.886504054069519},"size":0.3053537905216217,"orthographic":false}