{"cameraMode":{"drawMode":2,"name":"Shaded Wireframe","section":"Shading Mode"},"sceneLighting":true,"audioPlay":false,"sceneViewState":{"showFog":true,"showMaterialUpdate":false,"showSkybox":true,"showFlares":true,"showImageEffects":true,"showParticleSystems":true},"in2DMode":false,"pivot":{"x":0.5681350827217102,"y":1.809421420097351,"z":0.21322375535964967},"rotation":{"x":0.08110181242227555,"y":-0.19719372689723969,"z":0.016298308968544008,"w":0.9769515991210938},"size":2.1073949337005617,"orthographic":false}