{"cameraMode":{"drawMode":0,"name":"Shaded","section":"Shading Mode"},"sceneLighting":true,"audioPlay":false,"sceneViewState":{"showFog":true,"showMaterialUpdate":false,"showSkybox":true,"showFlares":true,"showImageEffects":true,"showParticleSystems":true},"in2DMode":false,"pivot":{"x":-19.680347442626954,"y":-5.4174933433532719,"z":0.656083345413208},"rotation":{"x":-0.11328262835741043,"y":0.6827338933944702,"z":-0.11118188500404358,"w":-0.7139022946357727},"size":10.0,"orthographic":false}