{"cameraMode":{"drawMode":0,"name":"Shaded","section":"Shading Mode"},"sceneLighting":true,"audioPlay":false,"sceneViewState":{"showFog":true,"showMaterialUpdate":false,"showSkybox":true,"showFlares":true,"showImageEffects":true,"showParticleSystems":true},"in2DMode":false,"pivot":{"x":-3.1373167037963869,"y":-0.28172042965888979,"z":0.47820383310317995},"rotation":{"x":0.08314714580774307,"y":-0.5851655006408691,"z":0.06191270053386688,"w":0.8047065734863281},"size":1.0361379384994507,"orthographic":false}