{"cameraMode":{"drawMode":2,"name":"Shaded Wireframe","section":"Shading Mode"},"sceneLighting":true,"audioPlay":false,"sceneViewState":{"showFog":true,"showMaterialUpdate":false,"showSkybox":true,"showFlares":true,"showImageEffects":true,"showParticleSystems":true},"in2DMode":false,"pivot":{"x":-0.3347586989402771,"y":1.244024395942688,"z":1.156671404838562},"rotation":{"x":0.19696925580501557,"y":-0.024683590978384019,"z":0.004891724791377783,"w":0.9801703691482544},"size":1.207395076751709,"orthographic":false}