{"cameraMode":{"drawMode":0,"name":"Shaded","section":"Shading Mode"},"sceneLighting":false,"audioPlay":false,"sceneViewState":{"showFog":true,"showMaterialUpdate":false,"showSkybox":false,"showFlares":true,"showImageEffects":true,"showParticleSystems":true},"in2DMode":false,"pivot":{"x":2.2687788009643556,"y":-1.4054056406021119,"z":2.46146821975708},"rotation":{"x":-0.13417655229568482,"y":-0.4686972200870514,"z":0.07227770239114762,"w":-0.8701208233833313},"size":3.033720016479492,"orthographic":false}