{"cameraMode":{"drawMode":0,"name":"Shaded","section":"Shading Mode"},"sceneLighting":false,"audioPlay":false,"sceneViewState":{"showFog":true,"showMaterialUpdate":false,"showSkybox":false,"showFlares":true,"showImageEffects":true,"showParticleSystems":true},"in2DMode":false,"pivot":{"x":-0.6920870542526245,"y":0.48812034726142886,"z":0.305719256401062},"rotation":{"x":-0.25276774168014529,"y":0.3239716589450836,"z":-0.09066079556941986,"w":-0.9073947668075562},"size":0.11200296133756638,"orthographic":false}