{"cameraMode":{"drawMode":2,"name":"Shaded Wireframe","section":"Shading Mode"},"sceneLighting":true,"audioPlay":false,"sceneViewState":{"showFog":true,"showMaterialUpdate":false,"showSkybox":true,"showFlares":true,"showImageEffects":true,"showParticleSystems":true},"in2DMode":false,"pivot":{"x":-0.30275729298591616,"y":1.7697179317474366,"z":-0.28368228673934939},"rotation":{"x":0.19696925580501557,"y":-0.024683590978384019,"z":0.004891724791377783,"w":0.9801703691482544},"size":0.6053539514541626,"orthographic":false}