{"cameraMode":{"drawMode":0,"name":"Shaded","section":"Shading Mode"},"sceneLighting":false,"audioPlay":false,"sceneViewState":{"showFog":true,"showMaterialUpdate":false,"showSkybox":false,"showFlares":true,"showImageEffects":true,"showParticleSystems":true},"in2DMode":false,"pivot":{"x":0.350993275642395,"y":0.5746421813964844,"z":0.1438313126564026},"rotation":{"x":0.016854967921972276,"y":0.7102032899856567,"z":-0.015415050089359284,"w":0.7040277719497681},"size":1.6681535243988038,"orthographic":false}