{"cameraMode":{"drawMode":2,"name":"Shaded Wireframe","section":"Shading Mode"},"sceneLighting":true,"audioPlay":false,"sceneViewState":{"showFog":true,"showMaterialUpdate":false,"showSkybox":true,"showFlares":true,"showImageEffects":true,"showParticleSystems":true},"in2DMode":false,"pivot":{"x":3.7569189071655275,"y":-1.8856523036956788,"z":14.028507232666016},"rotation":{"x":0.1326897144317627,"y":0.22858384251594544,"z":-0.031579114496707919,"w":0.9640042781829834},"size":9.78109073638916,"orthographic":false}