{"cameraMode":{"drawMode":0,"name":"Shaded","section":"Shading Mode"},"sceneLighting":false,"audioPlay":false,"sceneViewState":{"showFog":true,"showMaterialUpdate":false,"showSkybox":false,"showFlares":true,"showImageEffects":true,"showParticleSystems":true},"in2DMode":false,"pivot":{"x":15.234912872314454,"y":0.05712078511714935,"z":3.85505747795105},"rotation":{"x":-0.013372424058616162,"y":-0.8998379707336426,"z":-0.026516327634453775,"w":0.43579021096229555},"size":0.15902912616729737,"orthographic":false}