{"cameraMode":{"drawMode":0,"name":"Shaded","section":"Shading Mode"},"sceneLighting":false,"audioPlay":false,"sceneViewState":{"showFog":true,"showMaterialUpdate":false,"showSkybox":false,"showFlares":true,"showImageEffects":true,"showParticleSystems":true},"in2DMode":false,"pivot":{"x":-301.63031005859377,"y":-216.5464630126953,"z":-47.938777923583987},"rotation":{"x":-0.18835154175758363,"y":0.7200524806976318,"z":-0.21499843895435334,"w":-0.6326587796211243},"size":212.75392150878907,"orthographic":false}