{"cameraMode":{"drawMode":0,"name":"Shaded","section":"Shading Mode"},"sceneLighting":false,"audioPlay":false,"sceneViewState":{"showFog":true,"showMaterialUpdate":false,"showSkybox":false,"showFlares":true,"showImageEffects":true,"showParticleSystems":true},"in2DMode":false,"pivot":{"x":-1.631648063659668,"y":0.07331354916095734,"z":-0.4036639332771301},"rotation":{"x":0.0735500156879425,"y":-0.447653204202652,"z":0.037902723997831348,"w":0.8906780481338501},"size":0.3524385392665863,"orthographic":false}