{"cameraMode":{"drawMode":0,"name":"Shaded","section":"Shading Mode"},"sceneLighting":true,"audioPlay":false,"sceneViewState":{"m_AlwaysRefresh":false,"showFog":true,"showSkybox":true,"showFlares":true,"showImageEffects":true,"showParticleSystems":true,"showVisualEffectGraphs":true,"m_FxEnabled":true},"in2DMode":false,"pivot":{"x":5.0862603187561039,"y":1.4668548107147217,"z":-8.70783805847168},"rotation":{"x":-0.03613567724823952,"y":-0.7898270487785339,"z":0.046374183148145679,"w":-0.6109344363212586},"size":0.8660253882408142,"orthographic":false}